<BloxstrapCustomBootstrapper Version="1" Height="320" Width="520" IgnoreTitleBarInset="True" Theme="Dark" Margin="0">
    <TitleBar Title="" ShowMinimize="False" ShowClose="False"/>
    <BloxstrapCustomBootstrapper.Background>
        <ImageBrush ImageSource="theme://bg.jpg" Stretch="UniformToFill"/>
    </BloxstrapCustomBootstrapper.Background>
    <Grid>
        <Rectangle Fill="#99000000" Width="520" Height="320"/>
        
        <Border Height="85" 
                Width="520"
                VerticalAlignment="Bottom" 
                Background="#CC0A0A0A">
            <Grid>
                <ProgressBar Height="6" 
                           Name="PrimaryProgressBar" 
                           VerticalAlignment="Top"
                           HorizontalAlignment="Stretch"
                           Margin="0,-3,0,0"
                           Width="520"
                           Foreground="#9C27B0" 
                           Background="#15FFFFFF"/>

                <StackPanel Orientation="Horizontal" 
                          Margin="25,15,15,15"
                          VerticalAlignment="Center">
                    <Border Width="45" 
                            Height="45" 
                            CornerRadius="10" 
                            Background="#15FFFFFF"
                            Margin="0,0,0,0">
                        <Image Source="{Icon}" 
                               Width="35" 
                               Height="35"
                               HorizontalAlignment="Center"
                               VerticalAlignment="Center"/>
                    </Border>
                    <TextBlock Text="Roblox" 
                             FontSize="16"
                             FontFamily="Segoe UI"
                             FontWeight="SemiBold" 
                             Foreground="#FFFFFF" 
                             VerticalAlignment="Center" 
                             Margin="15,0,0,0"/>
                    <Button Content="Cancel" 
                            Name="CancelButton" 
                            Height="32" 
                            Width="90" 
                            Margin="270,7,0,0"
                            Padding="0"
                            Background="#20FFFFFF" 
                            Foreground="#FFFFFF" 
                            BorderThickness="0">
                        <Button.Resources>
                            <Style TargetType="Border">
                                <Setter Property="CornerRadius" Value="8"/>
                            </Style>
                        </Button.Resources>
                    </Button>
                </StackPanel>
            </Grid>
        </Border>
    </Grid>
</BloxstrapCustomBootstrapper>